case_id,item_id,source_status,old_id,candidate_id,decision,selected_candidate_id,execution_status
T0691,03039965-1f95-41e3-a73d-a074adb5415b,REVIEW,22820331,284291002,replace,284291002,verified-replaced
T0750,ab1d8cfe-f5f8-48fb-bd13-6ef6b2a34729,REVIEW,12415262,376353399,replace,376353399,verified-replaced
T0751,ad1efa0c-2d74-48c6-8505-a1bcec534587,REVIEW,12415263,376353400,replace,376353400,verified-replaced
T0752,db6d4c9e-d111-4cb1-9f00-1e5db4c36c2d,REVIEW,12415264,376353402,replace,376353402,verified-replaced
T0753,85f7ad70-dcba-4553-aefe-0ef658467780,REVIEW,12415265,376353404,replace,376353404,verified-replaced
T0754,6c741bb8-09c8-4945-a430-f7870b78db9a,REVIEW,12415266,376353407,replace,376353407,verified-replaced
T0755,9f3f3474-892e-44fd-9558-76c83bdda544,REVIEW,12415267,376353408,replace,376353408,verified-replaced
T0756,ca07b2b9-cc7b-4ea2-a1f0-0b2ed4a447cd,REVIEW,12415268,376353409,replace,376353409,verified-replaced
T0851,93585ce1-37bc-4922-8961-23ebfad0475c,REVIEW,12412286,377598092,replace,377598092,verified-replaced
T0852,a0651baf-d16e-404d-9785-8f932c71a838,REVIEW,12412287,376439736,replace,376439736,verified-replaced
T0853,6ac018a4-8a2b-4bc7-8a48-30e2e611f00f,REVIEW,12412289,376439737,replace,376439737,verified-replaced
T1087,64d80f2c-7b20-4399-ac78-07c0619c0895,REVIEW,245885685,376279946,replace,376279946,verified-replaced
T1217,9ea6aadf-0767-4345-bad0-eb2509fa8ab7,REVIEW,12212003,285244449,replace,285244449,verified-prior-repair
T1218,c3ce4107-a000-458a-b8bb-4310ccf1548d,REVIEW,12212004,285244452,replace,285244452,verified-prior-repair
T1219,e3476e4f-32f8-4b8f-80fc-aeccb9027af1,REVIEW,12212005,285244454,replace,285244454,verified-prior-repair
T1220,180e4e03-39dc-40aa-bfea-f2a0e2afdd6c,REVIEW,12212006,285244457,replace,285244457,verified-prior-repair
T1221,9e0954b3-f76e-472f-b244-b06accb3999e,REVIEW,12212007,285244459,replace,285244459,verified-prior-repair
T1222,28cbb597-5103-4183-9b9e-7b3370e38a2a,REVIEW,12212008,285244461,replace,285244461,verified-prior-repair
T1223,b8c9b22a-ae99-4882-8330-d787b976e84f,REVIEW,12212009,285244464,replace,285244464,verified-prior-repair
T1224,c7805272-07ca-4429-b235-70b98cc8f0fe,REVIEW,12212010,285244466,replace,285244466,verified-prior-repair
T1225,f5398a67-ca8f-401c-a329-e8b67c5c7944,REVIEW,12212011,285244468,replace,285244468,verified-prior-repair
T1226,c4f493e4-6e9f-46d4-8a20-946ac69d7d86,REVIEW,12212012,285244470,replace,285244470,verified-prior-repair
T1227,fdb89103-6d93-42b2-a90b-5fe316baa573,REVIEW,12212013,285244472,replace,285244472,verified-prior-repair
T1228,dc77f97a-0983-4b7b-ad63-49bbb4aefb66,REVIEW,12212014,285244474,replace,285244474,verified-prior-repair
T1229,e9221b06-ddfd-4164-adc6-5404d840bbf4,REVIEW,12212015,285244477,replace,285244477,verified-prior-repair
T1230,3bebb2e4-3e10-46f6-8032-036e20f15830,REVIEW,12212016,285244479,replace,285244479,verified-prior-repair
T1231,f4622911-88d3-43e9-bad1-1badade50dea,REVIEW,12212017,285244481,replace,285244481,verified-prior-repair
T1232,3426d6d4-bf0f-4618-be5d-7051ed070224,REVIEW,12212018,285244483,replace,285244483,verified-prior-repair
T1233,6874e316-c8e9-4854-9814-89882d508e00,REVIEW,12212019,285244486,replace,285244486,verified-prior-repair
T1234,0a535d9b-fec8-44e1-9430-841ef4c251ba,REVIEW,12212020,285244488,replace,285244488,verified-prior-repair
T1235,7d413333-b45d-4111-aa78-70c010f3d883,REVIEW,12212021,285244491,replace,285244491,verified-prior-repair
T1236,cd34bc6e-b4f3-4eca-aded-3e6cc314c1e1,REVIEW,12212022,285244493,replace,285244493,verified-prior-repair
T1237,5348aff8-aa0e-4aee-a291-984fbf7e41aa,REVIEW,12212023,285244496,replace,285244496,verified-prior-repair
T1238,77e9fcd2-00fa-4ad6-b637-97329f25d03f,REVIEW,12212024,285244498,replace,285244498,verified-prior-repair
T1239,cc97aeba-4f9c-4c2c-9482-99a9adffff5b,REVIEW,12212025,285244500,replace,285244500,verified-prior-repair
T1240,d64ae492-fa2c-4bb3-967b-817cf8e0fca8,REVIEW,12212026,285244503,replace,285244503,verified-prior-repair
T1241,130affd8-1bfa-4019-b6dc-badde77bb277,REVIEW,12212027,285244505,replace,285244505,verified-prior-repair
T1242,f9a127ec-8fed-439c-9095-999114360098,REVIEW,12212028,285244507,replace,285244507,verified-prior-repair
T1243,cac03993-d629-4933-a406-02a318dcaad5,REVIEW,12212029,285244508,replace,285244508,verified-prior-repair
T1244,8d6dbe22-cfab-4305-a4af-12d3d9e73b61,REVIEW,12212030,285244509,replace,285244509,verified-prior-repair
T1245,65100441-b6f8-41a0-b258-ace7478c0824,REVIEW,12212031,285244510,replace,285244510,verified-prior-repair
T1246,bb86c659-b8da-4bdd-958d-2e7bcd300f58,REVIEW,12212032,285244511,replace,285244511,verified-replaced
T1247,4eff10df-3e9e-4139-ba5e-1a246685a7f0,REVIEW,12212033,285244512,replace,285244512,verified-replaced
T1248,543728e6-297f-4cea-abe3-d8d459760a1e,REVIEW,12212034,285244513,replace,285244513,verified-replaced
T1249,46b050b6-7c23-4d3d-8ef2-b1adf26369b6,REVIEW,12212035,285244514,replace,285244514,verified-replaced
T1250,c5c6c062-2223-49d6-8e79-ff459415eb76,REVIEW,208666799,377603471,replace,377603471,verified-replaced
T1251,2c7c2780-d931-410e-9f57-af367a7d77b4,REVIEW,208666802,377603472,replace,377603472,verified-replaced
T1252,ae3e4e93-20ba-4a25-8338-15a212a6d464,REVIEW,208666804,377603474,replace,377603474,verified-replaced
T1253,a22baa2f-dda6-4c22-87c3-7fd55ae55e61,REVIEW,208666806,377603475,replace,377603475,verified-replaced
T1254,df5b4703-d65b-41f0-a94b-aaaca5ebd851,REVIEW,208666809,377603476,replace,377603476,verified-replaced
T1260,c0fe97a0-7f5e-43c3-97ea-81877e663c69,REVIEW,208666824,538668866,replace,538668866,verified-replaced
T1318,d7f2d31e-8b61-4647-b33f-113232c0f5f8,REVIEW,22486408,341882665,remove,,verified-removed
T1319,9a3e2f03-2320-4afd-8d4e-88791d5b0eb8,REVIEW,22486409,341882666,remove,,verified-removed
T1320,dc67af5c-3128-472f-84fc-75a0e787d8ed,REVIEW,22486410,341882667,remove,,verified-removed
T1321,4be2e557-0dc7-4dd6-a4da-6e6728158eea,REVIEW,22486411,341882668,remove,,verified-removed
T1322,4e47934a-2ac6-4854-8ec5-10f6941e1b12,REVIEW,22486412,341882669,remove,,verified-removed
T1323,a15db3b7-6e37-4385-a02b-8b5cac5f16a8,REVIEW,22486413,341882670,remove,,verified-removed
T1324,ece84d86-7617-4876-81fa-6b291b3091b2,NOT_FOUND,12123311,,remove,,verified-removed
T1325,91f83588-f8b5-4b4c-aece-d1110b129ac8,NOT_FOUND,12123312,,remove,,verified-removed
T1326,9e51df84-a3f7-459e-a3b5-0ff2cb5be8ab,NOT_FOUND,12123313,,remove,,verified-removed
T1327,ba598405-3142-43c1-bbae-add699c6bddf,NOT_FOUND,12123314,,remove,,verified-removed
T1328,52250347-272b-4361-a477-d99c9ff660c3,NOT_FOUND,12123315,,remove,,verified-removed
T1329,b0769908-e016-407a-8cc1-dcec0d019e02,NOT_FOUND,12123316,,remove,,verified-removed
T1330,dfd23efa-b069-483f-aa33-00e717c9cf9a,NOT_FOUND,12123317,,remove,,verified-removed
T1331,07644780-a307-475f-807f-ff90f2114b77,NOT_FOUND,12123318,,remove,,verified-removed
T1424,453ea497-0949-4f7e-94ea-f2c610c398a9,REVIEW,12668762,284651752,replace,284651752,verified-replaced
T1425,27f8db2a-4dfb-41ac-9e9f-de9ac5dcae59,REVIEW,12668763,284651753,replace,284651753,verified-replaced
T1426,872b3f49-13f6-416e-9df0-aea5f576e34f,REVIEW,12668764,284651754,replace,284651754,verified-replaced
T1427,f979682e-2d32-4005-9cb5-3fa082ffdaf4,REVIEW,12668765,284651755,replace,284651755,verified-replaced
T1428,f017b527-55ae-4235-acd0-3383903832fd,REVIEW,12668766,284651756,replace,284651756,verified-replaced
T1429,ff9fc673-b77a-489a-a7b4-e5b49329d055,REVIEW,12668767,284651757,replace,284651757,verified-replaced
T1430,a022bd2e-0a54-4ad8-b33a-38a54c9bfa51,REVIEW,12668768,284651758,replace,284651758,verified-replaced
T1431,0a7c5d61-4123-4ade-8281-acab960a6f73,REVIEW,12668769,284651759,replace,284651759,verified-replaced
T1432,bd80df86-9bee-4198-b7e5-ba31b977dc7d,REVIEW,12668770,284651762,replace,284651762,verified-replaced
T1433,6acfe71a-00ca-4a54-861e-1eed5e719d70,REVIEW,12668771,284651763,replace,284651763,verified-replaced
T1434,1c893082-8e23-4e6d-b1fe-5c01ac19f21c,REVIEW,12668772,284651766,replace,284651766,verified-replaced
T1435,d310883e-fd75-4581-86e6-52982b3ca05d,REVIEW,12668773,284432107,replace,284432107,verified-replaced
T1436,65bcd3e5-a08c-4b14-95c3-7a3b724893f2,REVIEW,12668774,284651761,replace,284651761,verified-replaced
T1437,76fa6f06-6644-4074-a828-717aab5ef08f,REVIEW,12668775,284432111,replace,284432111,verified-replaced
T1438,3963e830-f09a-4bb6-8023-e8dd6dde1cb7,REVIEW,12668776,284651765,replace,284651765,verified-replaced
T1439,f0834a93-ac2c-4194-961f-7b7584ac488e,REVIEW,12668777,284651768,replace,284651768,verified-replaced
T1446,ba771350-f4fb-45e3-a65f-0075fc659776,REVIEW,12668784,282802784,replace,282802784,verified-replaced
T1466,a679ad2f-9bf5-48f3-a360-47f8a22a6c1d,REVIEW,29073650,282802781,replace,282802781,verified-replaced
T1467,dc3461d1-8a0e-4126-adbd-25eed9bc46d9,REVIEW,29073651,284292934,replace,284292934,verified-replaced
T1468,ea223da9-e8d2-4526-979c-23a2c48ff43e,REVIEW,29073652,284292936,replace,284292936,verified-replaced
T1471,98048eaf-2bf7-4630-ac68-017c7dc6fca8,REVIEW,12665535,284435863,replace,284435863,verified-replaced
T1472,38cbd963-7659-4f38-a779-028acfdb989d,REVIEW,12665536,284435866,replace,284435866,verified-replaced
T1476,fbae8345-b406-4e1a-bfe7-12221bd37ae6,REVIEW,12663453,284435952,replace,284435952,held-authority-evidence-required
T1508,297ca1c1-823e-44d9-97b3-8166d2cbe777,NOT_FOUND,73941593,,remove-recommendation,,recommendation-removed
T1509,d1aac396-6bfa-4eec-801b-fdc2ee59bef3,NOT_FOUND,73941591,,remove-recommendation,,recommendation-removed
T1646,9d150f7a-be26-484c-a2de-9d691885de30,NOT_FOUND,12416511,,remove-recommendation,,recommendation-removed
T1765,aa05093c-ec1e-43f0-9f2c-b2b25112c76a,REVIEW,196695890,376280389,replace,376280389,verified-replaced
T1789,c510183b-192a-4b27-907e-4c8a9748f2eb,REVIEW,190698772,305933343,replace,305933343,verified-replaced
T1790,192bbddc-121c-417c-95ee-92b5b8c69cba,REVIEW,190698773,305933344,replace,305933344,verified-replaced
T1791,2cd958e7-5d2a-4d74-af49-67e06feec8b8,REVIEW,190698774,305933345,replace,305933345,verified-replaced
T1792,9dafe552-bf6d-46fe-912c-417cc5c1ce68,REVIEW,190698776,305933346,replace,305933346,verified-replaced
T1793,e65570ee-74eb-41b1-ac5a-e066355bacc4,REVIEW,190698777,305933347,replace,305933347,verified-replaced
T1794,c4a9c9d9-1667-4fc0-8b0d-0cdfc9ac193e,REVIEW,190698778,305933348,replace,305933348,verified-replaced
T1795,0770bdc7-d277-47cd-8219-9ba2628bf0e0,REVIEW,190698779,305933349,replace,305933349,verified-replaced
T1796,b8bfed80-a345-42e6-87c0-8c540093e3e7,REVIEW,190698780,305933350,replace,305933350,verified-replaced
T1797,d78b5f7f-feff-43d8-884c-3406cc514630,REVIEW,190698781,305933351,replace,305933351,verified-replaced
T1798,4b340694-5181-4895-a8b9-314791dd5e8b,REVIEW,190698782,305933352,replace,305933352,verified-replaced
T1799,fafc0bc1-3914-4790-bf55-63efb1580f93,REVIEW,190698783,305933353,replace,305933353,verified-replaced
T1800,ec7ec7e0-821e-42af-90c6-9f3e17c52138,REVIEW,190698784,305933354,replace,305933354,verified-replaced
T1801,6ad800c6-ca89-435f-87cc-25dd41eb2363,REVIEW,190698785,305933355,replace,305933355,verified-replaced
T1802,32a99705-1db9-4a2e-8f1e-5d856bf0f538,REVIEW,190698786,305933356,replace,305933356,verified-replaced
T1803,59110605-42db-464b-8ca1-f6534d66166d,REVIEW,190698787,305933357,replace,305933357,verified-replaced
T1804,341ad696-7ced-4e2b-85b6-b1ae35160cf1,REVIEW,190698788,305933358,replace,305933358,verified-replaced
T1805,036af05a-ca84-4319-b2f8-161e3e2e80b1,REVIEW,190698789,305933359,replace,305933359,verified-replaced
T1806,18bc3912-0d98-4f21-8efe-b78cef27d956,REVIEW,190698790,305933360,replace,305933360,verified-replaced
T1807,4a95e03d-e574-4618-a624-7e1841b9b72a,REVIEW,190698791,305933361,replace,305933361,verified-replaced
T1808,9c263be2-0890-4685-8211-8886a302e449,REVIEW,190698792,305933362,replace,305933362,verified-replaced
T1809,9ea66e65-3863-49c0-b164-ea9707e2ff10,REVIEW,190698793,305933363,replace,305933363,verified-replaced
T1810,7cd54446-261c-4ebb-9b8c-e5eee18642e0,REVIEW,190698794,305933364,replace,305933364,verified-replaced
T2254,e32d4942-af0f-43bd-b755-3a449fc26e71,REVIEW,12433870,376350497,replace,376350497,verified-replaced
T2256,238eae52-8f7e-43ed-b925-f9e17bd83d57,REVIEW,12433872,376350499,replace,376350499,verified-replaced
T2257,0d9f8816-faf3-46f6-8739-ea1e4ee1b56d,REVIEW,12433873,376350500,replace,376350500,verified-replaced
T2258,e522631b-d8b3-4bdc-b551-725d5462eaef,REVIEW,12433874,376350501,replace,376350501,verified-replaced
T2259,67276450-e9b5-4810-a32a-50d83cc20388,REVIEW,12433875,376350502,replace,376350502,verified-replaced
T2260,5d714556-445d-4311-b1ec-d6a1987fb1ee,REVIEW,12433876,376350503,replace,376350503,verified-replaced
T2261,b1f956d8-3c71-45ab-95f5-075c6f6945a9,REVIEW,12433877,376350504,replace,376350504,verified-replaced
T2262,25086af1-f4df-4e07-bef8-6305ed64f914,REVIEW,12433878,376350505,replace,376350505,verified-replaced
T2263,ecef2de3-8bcc-4157-a808-b32f8acc1995,REVIEW,12433879,376350506,replace,376350506,verified-replaced
T2264,845f2c09-87cd-4272-a0e5-fc0c2bde8bc3,REVIEW,12433880,376350508,replace,376350508,verified-replaced
T2327,845a2874-ffa9-406b-b724-7346d2bed5b9,REVIEW,12367883,6307134,remove-recommendation,,recommendation-removed
T2449,b8c445eb-400b-4884-8699-b93cf8062036,REVIEW,150859124,357225184,replace,357225184,verified-replaced
T2450,2a48b623-b80b-4f99-a831-d3a9b21a6cba,REVIEW,150859125,357225185,replace,357225185,verified-replaced
T2451,1a3831be-235b-44d8-80a9-bb941b6d13bf,REVIEW,150859126,357225187,replace,357225187,verified-replaced
T2452,d8c25ae7-d3ed-4551-9bea-a998faf0a1f4,REVIEW,150859127,357225188,replace,357225188,verified-replaced
T2453,81614817-de58-4192-b7af-51d507901e17,REVIEW,150859128,357225189,replace,357225189,verified-replaced
T2454,5a33dffd-f367-449c-a997-7437d9f7f132,REVIEW,150859129,357225190,replace,357225190,verified-replaced
T2463,34e45413-efd0-4fc2-8fdf-6e8b5cde1e68,REVIEW,140474046,284356912,replace,284356912,verified-replaced
T2464,cb2438f1-0873-4d5d-ab05-e8fbac76012e,REVIEW,140474047,284356917,replace,284356917,verified-replaced
T2465,efe5b4fd-c918-45f6-a671-3f6021ff635e,REVIEW,140474048,284356913,replace,284356913,verified-replaced
T2466,2df533a8-905a-4cf6-9906-4f9f59409051,REVIEW,140474049,284356918,replace,284356918,verified-replaced
T2467,ae822aae-004a-424f-9ab1-4aa817f7902a,REVIEW,140474050,284356919,replace,284356919,verified-replaced
T2468,9ca45d42-0d8f-4355-a944-14f8ae25edfd,REVIEW,140474051,284356914,replace,284356914,verified-replaced
T2469,c863e3c3-cc64-4dee-9da9-d03453c48fa7,REVIEW,140474052,284356916,replace,284356916,verified-replaced
T2470,551a2796-6040-4def-9b94-02d535f472e7,REVIEW,140474053,284356920,replace,284356920,verified-replaced
T2566,5268887f-ca7c-4907-86b1-db49d6851348,NOT_FOUND,201678141,,remove-recommendation,,recommendation-removed
T2567,1d8a6bcc-4f96-496f-b78b-dde8ace6cac4,NOT_FOUND,201678143,,remove-recommendation,,recommendation-removed
T2568,11267559-b77d-4e11-b8e3-ec8d38f5effc,NOT_FOUND,201678144,,remove-recommendation,,recommendation-removed
T2569,6b489fa4-5eec-43ee-8855-946d733e48ca,NOT_FOUND,201678145,,remove-recommendation,,recommendation-removed
T2630,fc757fb2-b8f5-4bcb-ab7c-b6459d818d54,REVIEW,18768309,284409120,replace,284409120,verified-replaced
T2631,cbaa4330-9c72-40c0-8192-a72a60d0960c,REVIEW,18768310,284409113,replace,284409113,verified-replaced
T2632,59873d91-8f5c-4e6a-b8d9-ecf7573caa1d,REVIEW,18768311,284409114,replace,284409114,verified-replaced
T2633,1cfb0208-8afa-442b-8edd-76168194cfc3,REVIEW,18768312,284409115,replace,284409115,verified-replaced
T2634,eabf0f24-e321-46c4-bb41-768f64fd9d83,REVIEW,18768313,284409116,replace,284409116,verified-replaced
T2636,be27f4ee-bd25-4f4c-a7a7-61590daaa3fd,NOT_FOUND,25810800,,remove-recommendation,,recommendation-removed
T2637,01c97814-457b-4014-9cde-1014c603c4fb,NOT_FOUND,25810801,,remove-recommendation,,recommendation-removed
T2638,30bba774-da79-45b2-bf17-fc7978c1391b,NOT_FOUND,25810802,,remove-recommendation,,recommendation-removed
T2639,1b99d585-d894-43d1-a36c-1f40887ba646,NOT_FOUND,25810803,,remove-recommendation,,recommendation-removed
T2640,9bdb53d7-5634-4f2d-8035-d7f6bd9a27d6,NOT_FOUND,25810804,,remove-recommendation,,recommendation-removed
T2641,5297f7af-6168-4df6-ba67-abb667ef2d18,NOT_FOUND,25810805,,remove-recommendation,,recommendation-removed
T2642,6bea5100-4cdb-46c7-bb88-41d79829e134,NOT_FOUND,25810806,,remove-recommendation,,recommendation-removed
T2643,1d88ccbd-8a26-4c8f-ad14-1db018f05bd7,NOT_FOUND,25810807,,remove-recommendation,,recommendation-removed
T2644,5ba011ab-3053-48ba-ae9b-4256fdb8a84b,NOT_FOUND,25810808,,remove-recommendation,,recommendation-removed
T2687,0ad2a33c-c8f3-4637-b0ef-7a3ea63183f7,REVIEW,12432545,376379176,replace,376379176,verified-replaced
T2688,e3dd82eb-361f-464e-9a72-cb981a317743,REVIEW,12432546,376379177,replace,376379177,verified-replaced
T2689,39896c21-296c-46f1-8b4d-487efdd5a979,REVIEW,12432547,376379178,replace,376379178,verified-replaced
T2690,8b956ede-780a-45b5-a27c-5b456eea68e3,REVIEW,12432548,376379179,replace,376379179,verified-replaced
T2691,e511a7a5-0b7a-4070-a0dd-cd4cda722423,REVIEW,12432549,376379180,replace,376379180,verified-replaced
T2692,6ce90c81-75a5-42bc-b467-647bc3f7c20b,REVIEW,12432550,376379181,replace,376379181,verified-replaced
T2693,358d9fd1-013f-4db4-b970-c88e12f76e8c,REVIEW,12432551,376379182,replace,376379182,verified-replaced
T2719,f927bc45-ccf1-4d18-9190-ac42ef19642a,REVIEW,12436254,376251363,replace,376251363,verified-replaced
T2720,325d6c4f-89a9-4ca9-8be3-338c04e7f45c,REVIEW,12436255,376251364,replace,376251364,verified-replaced
T2721,57c0ff34-f7a3-4d88-b65c-f5449d77f13d,REVIEW,12436256,376251365,replace,376251365,verified-replaced
T2722,d873c285-34ce-4542-95dc-63e1e0681f3b,REVIEW,12436257,376251366,replace,376251366,verified-replaced
T2723,89abd5c7-6e99-4125-8320-26f8295e4576,REVIEW,12436258,376251367,replace,376251367,verified-replaced
T2724,d093c1fd-5e33-401d-9b47-14f00d96bf99,REVIEW,12436259,376251368,replace,376251368,verified-replaced
T2725,6058bec1-b3ae-4db4-a055-705c77146f26,REVIEW,12436260,376251369,replace,376251369,verified-replaced
T2726,48f411f2-fffc-4f47-bf75-ae4b50a90469,REVIEW,12436261,376251370,replace,376251370,verified-replaced
T2741,5ae338e1-435e-4339-b148-12995497d132,REVIEW,12444898,376442694,replace,376442694,verified-replaced
T2742,e7c41ede-a1db-4e1f-a25b-4f8f2f7d1c05,REVIEW,12444899,376442695,replace,376442695,verified-replaced
T2745,29c24020-81a5-4ff4-ade9-4cd9fa1114f1,REVIEW,12444902,376442698,replace,376442698,verified-replaced
T2746,66ec1df4-3ee0-46d5-a423-8ac1690a5cd1,REVIEW,12444903,376442699,replace,376442699,verified-replaced
T2750,53961d71-4356-4642-a13e-0ae911da4a38,REVIEW,12444907,376442703,replace,376442703,verified-replaced
T2751,7c7691ca-759b-4e36-add5-d85e0bb6fe0e,REVIEW,12447311,376430406,replace,376430406,verified-replaced
T2752,4f5d9062-30a1-4334-b80e-2d2a9bc90bf7,REVIEW,12447312,376430407,replace,376430407,verified-replaced
T2753,3a8c3c38-023f-4453-9780-96ef6aafb503,REVIEW,12447313,376430408,replace,376430408,verified-replaced
T2754,41b404df-379f-4e44-a108-df3c5df08a43,REVIEW,12447314,376430409,replace,376430409,verified-replaced
T2755,4f452483-a128-48ae-be8f-93c5b852b0b1,REVIEW,12447315,376430410,replace,376430410,verified-replaced
T2756,543d463b-30f3-442a-9467-b18431bedc66,REVIEW,12447316,376430411,replace,376430411,verified-replaced
T2757,0d459889-750b-4633-a7d1-8df8b0bcbb67,REVIEW,12447317,376430412,replace,376430412,verified-replaced
T2758,c4570de4-9d35-4249-9b19-e9adfa488389,REVIEW,12447318,376430413,replace,376430413,verified-replaced
T2759,cc43204f-fea7-4a17-bc81-1e31aa1a28b2,REVIEW,12447320,376430414,replace,376430414,verified-replaced
T2760,345c3cae-5f2c-4887-9767-a533f4e1563e,REVIEW,12447321,376430415,replace,376430415,verified-replaced
T2848,2170113f-a628-4760-89e4-fc829ce3a54f,REVIEW,120794950,376421982,replace,376421982,verified-replaced
T2849,0657675d-4f7e-4b0c-ae3a-e32dae075ff0,REVIEW,120794951,376399367,replace,376399367,verified-replaced
T2850,7eef621e-a446-4ee7-b39d-664aea88967f,REVIEW,120794952,376421984,replace,376421984,verified-replaced
T2851,cd282afc-2996-4db9-b540-5ee2a3a02209,REVIEW,120794953,376421985,replace,376421985,verified-replaced
T2852,2a1ac954-bc00-486a-bbdc-d45aaa0cc0e7,REVIEW,120794954,376421986,replace,376421986,verified-replaced
T2853,d74e876a-dbd8-4a4b-8c4b-c316f54155f4,REVIEW,120794955,376421987,replace,376421987,verified-replaced
T2854,4fa52928-1a6f-44a1-87d3-40672d9d6ed4,REVIEW,120794956,376421988,replace,376421988,verified-replaced
T2855,4a9f919a-215b-4350-b0fe-05715242cf16,REVIEW,120794957,376421989,replace,376421989,verified-replaced
T2856,e7b5b22d-4145-48b5-9a2a-a40f0b3930eb,REVIEW,120794958,376421990,replace,376421990,verified-replaced
T2857,fec22513-202b-4ba2-9073-d892324f3ef9,REVIEW,120794959,376421991,replace,376421991,verified-replaced
T2858,7ef42e1d-5c9b-4719-8d3e-2d04485a0ff8,REVIEW,120794960,376421992,replace,376421992,verified-replaced
T2859,ef795451-b81d-470d-bec0-92735437b381,REVIEW,120794961,376421993,replace,376421993,verified-replaced
T2860,a75949f6-88ab-470b-981c-006c70e5cccd,REVIEW,120794962,376421994,replace,376421994,verified-replaced
T2861,67728332-14b6-45e8-bf35-1fa36892a8ce,REVIEW,120794963,376421995,replace,376421995,verified-replaced
T2936,2c39b6f9-b72f-4696-8664-2dbc41f989fe,REVIEW,12421747,376373903,replace,376373903,verified-replaced
T2937,220398ff-6222-4095-82f3-447027610dd5,REVIEW,12421748,376373904,replace,376373904,verified-replaced
T2938,bd0e19d5-b15d-400b-9bd9-7f895845ab10,REVIEW,12421749,376373905,replace,376373905,verified-replaced
T2939,ee3e35e3-3dc8-473d-aa33-c73b8c0c9aca,REVIEW,12421750,376373906,replace,376373906,verified-replaced
T2941,b13c13fc-ed25-495d-82a2-bcb5b5815096,REVIEW,12421752,376373908,replace,376373908,verified-replaced
T3053,ca396876-fb93-4b13-95e0-81f8342796c6,REVIEW,17696864,284693360,replace,284693360,verified-replaced
T3054,d03acb85-9ade-452c-b37b-a0089c9e12c2,REVIEW,17696865,284693361,replace,284693361,verified-replaced
T3055,48aa12cd-761a-46bf-b561-535c82bd1597,REVIEW,17696866,284693362,replace,284693362,verified-replaced
T3173,d1d78272-fb92-4a93-ab3d-ed3a6d6cea8f,REVIEW,55841803,282740112,replace,282740112,verified-replaced
T3177,a4e4406e-0ffa-46ce-8ad2-46756338f225,REVIEW,12412296,377598100,replace,377598100,verified-replaced
T3178,1c56e85c-a5de-4beb-b5e8-13945cfa449d,REVIEW,12412297,377598101,replace,377598101,verified-replaced
T3179,247ec440-6372-47ef-a30b-95473c7b9e7e,REVIEW,12412298,377598102,replace,377598102,verified-replaced
T3182,2a7f4450-302a-4bcb-b976-87f53566775c,REVIEW,211442019,376370064,replace,376370064,verified-replaced
T3186,315cc1a9-7000-47fe-a31e-b221477b2dbc,REVIEW,31672205,283273343,replace,283273343,verified-replaced
T3187,1224fc64-a87a-481d-b63d-7d906b3bfb70,REVIEW,31672206,283273339,replace,283273339,verified-replaced
T3209,ee945140-0cfb-45e0-8b13-f7bf3820a0e5,REVIEW,24018641,285159847,replace,285159847,held-authority-evidence-required
T3216,d49f3f99-9746-4ed8-bd81-b1452dbbe082,REVIEW,12444400,376444284,replace,376444284,verified-replaced
T3217,9a0af642-fd28-4500-9e09-123e1a492aa2,REVIEW,12444401,376444285,replace,376444285,verified-replaced
T3218,6ca71474-8c1e-4b1e-845f-1b3f9183df4f,REVIEW,12444402,376444286,replace,376444286,verified-replaced
T3219,6998fb27-c528-4608-b43e-9b0ff6c2f64a,REVIEW,12444403,376444287,replace,376444287,verified-replaced
T3220,96e69804-3c52-4b0f-9125-f5d60ecee709,REVIEW,12444404,376444288,replace,376444288,verified-replaced
T3253,2f87933a-5475-4f3d-80b3-bc805bc89402,REVIEW,19318112,282915724,replace,282915724,verified-replaced
T3254,745c65c4-ad5a-4293-8b9d-5d29353b5f3b,REVIEW,19318115,282915727,replace,282915727,verified-replaced
T3255,16dbd40a-a1d8-4383-a901-0f24001a540c,REVIEW,19318116,282915728,replace,282915728,verified-replaced
T3276,c5707b63-72a4-410c-8b39-7e5bbc9b6f4a,REVIEW,74080288,284342136,replace,284342136,verified-replaced
T3277,59d5bd6b-44de-4872-8ba5-1c310f59a3cf,REVIEW,74080289,284342139,replace,284342139,verified-replaced
T3278,d843c6ef-fe29-40fd-9f6a-7566e9e7b54f,REVIEW,83931281,305363144,replace,305363144,verified-replaced
T3279,ed1e13a1-6592-49bf-8b33-d69e4fc35cc9,REVIEW,83931282,305363145,replace,305363145,verified-replaced
T3281,4cea5a6b-cd80-490b-b11b-ab1474a0c232,REVIEW,30592037,284120161,replace,284120161,verified-replaced
T3282,ef2f00b9-2ee0-418c-bcfa-7bd2a3bff007,REVIEW,30592038,284120162,replace,284120162,verified-replaced
T3283,a6927024-178a-496e-b9b8-0432828a2ca2,REVIEW,30592039,284120163,replace,284120163,verified-replaced
T3284,c3a1f206-dfd4-4837-b6c5-30baae348f38,REVIEW,30592040,284120164,replace,284120164,verified-replaced
T3285,4317ec79-1376-447c-bb38-617941c88001,REVIEW,30592041,284120165,replace,284120165,verified-replaced
T3286,5dd16f58-4509-426d-84b8-5115363ea304,REVIEW,30592042,284120166,replace,284120166,verified-replaced
T3287,82624a60-4fc9-415e-92ce-dbb82b475a28,REVIEW,30592043,284120167,replace,284120167,verified-replaced
T3288,d3286798-c5bc-4a9b-a0ba-a3a6f4cfdc0d,REVIEW,30592044,446945309,replace,446945309,verified-replaced
T3289,187165c4-55aa-4927-bc73-6ae84695f87c,REVIEW,30592045,284120169,replace,284120169,verified-replaced
T3290,28b56a34-587b-4d1b-9634-ff745bd173a7,REVIEW,30592046,284120170,replace,284120170,verified-replaced
T3291,a8f2b99f-6773-4a30-9a9d-ee3dffd0e247,REVIEW,30592047,284120171,replace,284120171,verified-replaced
T3292,0f78612f-1c04-44e1-a62e-145dc72183bd,REVIEW,30592048,283431828,replace,283431828,verified-replaced
T3293,bcc91bd3-a0d1-4d6b-8d71-521ffaf0dd39,REVIEW,30592049,284120173,replace,284120173,verified-replaced
T3294,1c7994a1-673d-415e-b0ca-d5ea14a5beb1,REVIEW,30592050,284120174,replace,284120174,verified-replaced
T3295,1f4ab5e0-7839-480e-b108-e68cdf5692ec,REVIEW,30592051,284120175,replace,284120175,verified-replaced
T3296,d6655646-d6ab-4317-81b5-b2333a09e62c,REVIEW,30592052,284120176,replace,284120176,verified-replaced
T3602,e676bc8f-b7e2-489a-92f4-e79c1e323e8a,NOT_FOUND,12416514,,remove-recommendation,,recommendation-removed
T3606,39b9b483-1a78-4a89-b6a6-e15107452751,REVIEW,264899995,357225235,replace,357225235,verified-replaced
T3607,b7ed5ba7-5ee1-45ce-a96c-eec313c57374,REVIEW,264899996,357225236,replace,357225236,verified-replaced
T3608,3b22ba02-2de2-4632-955d-0749e16e9bdb,REVIEW,264899997,357225237,replace,357225237,verified-replaced
T3609,7bc79570-b1ca-4b14-81c8-a791749eee1f,REVIEW,264899999,357225238,replace,357225238,verified-replaced
T3611,dbdb2424-fe2f-4425-8f15-a000ab440d96,REVIEW,264900001,357225240,replace,357225240,verified-replaced
T3612,921fdec0-e209-4e80-b1e0-d1231e3f773a,REVIEW,264900002,357225241,replace,357225241,verified-replaced
T3613,97a95cda-eb24-499c-a820-5847359ce48d,REVIEW,264900003,357225242,replace,357225242,verified-replaced
T3616,8d1e8a33-c7eb-4ae4-aaf8-c47f65813963,REVIEW,264900006,357225245,replace,357225245,verified-replaced
T3618,a45d41eb-f0a6-428f-b716-95119f6b18ef,REVIEW,264900008,357225247,replace,357225247,verified-replaced
T3619,d6d5244b-9808-4d22-b98c-2e4f83f5fa16,REVIEW,264900009,357225248,replace,357225248,verified-replaced
T3620,b5d5e0d9-59dc-467f-9c8c-51d8507c5490,REVIEW,264900010,357225249,replace,357225249,verified-replaced
T3621,de283402-0fa8-40b3-8a59-985ea849e812,REVIEW,264900011,357225250,replace,357225250,verified-replaced
T3944,bd3e1275-2d25-41fa-b793-3fe18a53d393,NOT_FOUND,12423573,,remove-recommendation,,recommendation-removed
T3945,c64bc21c-a9d0-4a3a-ab1c-46bea9412907,NOT_FOUND,12423574,,remove-recommendation,,recommendation-removed
T3946,ece8eb19-6585-4840-867c-073b52895146,NOT_FOUND,12423575,,remove-recommendation,,recommendation-removed
T3947,dc4669cd-2e2c-420c-a242-9a8781929d13,NOT_FOUND,12423576,,remove-recommendation,,recommendation-removed
T3948,fda8d066-f460-4eb0-8b8c-20e3fd64ffe4,NOT_FOUND,12423577,,remove-recommendation,,recommendation-removed
T3949,4b7dbfb7-6b1d-4a65-b8e0-8bd59af035bf,NOT_FOUND,12423578,,remove-recommendation,,recommendation-removed
T3950,4c341fde-98ee-46b6-8360-b5fbc5f011f3,NOT_FOUND,12423583,,remove-recommendation,,recommendation-removed
T3951,b1fc3043-5d84-441e-871f-36868da43ee8,NOT_FOUND,12423587,,remove-recommendation,,recommendation-removed
T3952,bf1c1980-d73c-412a-b6de-b704d0b3bc55,NOT_FOUND,12423588,,remove-recommendation,,recommendation-removed
T3953,07f9bb1c-0307-4b03-a6c1-f4eefd58d104,NOT_FOUND,12423589,,remove-recommendation,,recommendation-removed
T3954,d69da44f-6220-4f10-936a-7226bdaff0ef,NOT_FOUND,12423590,,remove-recommendation,,recommendation-removed
T3955,c027cb7e-4a25-450b-861a-e9adb4dc5c22,NOT_FOUND,12423591,,remove-recommendation,,recommendation-removed
T3956,f6e18d09-1825-4d25-a06f-92a4726a09c6,NOT_FOUND,12423592,,remove-recommendation,,recommendation-removed
T3957,fb5c043a-a080-4bd0-babe-6307220a03fe,NOT_FOUND,12423593,,remove-recommendation,,recommendation-removed
T3958,ad3e35e8-1238-4435-a89b-f33589a79bbc,NOT_FOUND,12423594,,remove-recommendation,,recommendation-removed
T3959,bd8ffc4f-a2af-4717-af18-090c7ecff5bd,NOT_FOUND,12423595,,remove-recommendation,,recommendation-removed
T4044,ee37f391-7e9d-4886-8bd2-902039fbfaa2,REVIEW,92510053,285138294,replace,285138294,verified-replaced
T4330,394eb250-b3c5-47aa-ab5e-dadaf78f7a69,NOT_FOUND,12217359,,remove-recommendation,,recommendation-removed
T4331,dcc38e53-8812-40af-9cdd-efb53edaa669,NOT_FOUND,12217360,,remove-recommendation,,recommendation-removed
T4332,f063e388-27b2-4850-9803-c8142b474e7a,NOT_FOUND,12217361,,remove-recommendation,,recommendation-removed
T4333,285153fa-dc27-43f9-a3ef-cb743a53d28c,NOT_FOUND,12217362,,remove-recommendation,,recommendation-removed
T4334,41d7642b-4cb9-474e-94bb-e4116a11661e,NOT_FOUND,12217363,,remove-recommendation,,recommendation-removed
T4335,0cc9c4bd-5658-4993-8305-511c8c512bb0,NOT_FOUND,12217364,,remove-recommendation,,no-canonical-recommendation
T4336,26aa55d7-6ad6-4e77-ac19-500d9ae70cac,NOT_FOUND,12217365,,remove-recommendation,,no-canonical-recommendation
T4337,cffd74e8-295f-465f-ad30-fa406a66b8e9,NOT_FOUND,12217366,,remove-recommendation,,no-canonical-recommendation
T4338,a1cb61bc-9b5f-45e8-b221-fda11d0f138b,NOT_FOUND,12217367,,remove-recommendation,,no-canonical-recommendation
T4339,7fbc8dd4-f63e-4145-8154-f0eb3ca0ba95,NOT_FOUND,12217368,,remove-recommendation,,no-canonical-recommendation
T4340,4e557ba9-bb10-4e2c-ae10-9d5234416c60,NOT_FOUND,12217369,,remove-recommendation,,no-canonical-recommendation
T4341,78676f2b-f3ba-43ea-bfbd-41807a5a7b37,NOT_FOUND,12217370,,remove-recommendation,,no-canonical-recommendation
T4342,01056e77-9964-49d6-ba45-b1aef81a140d,NOT_FOUND,12217371,,remove-recommendation,,no-canonical-recommendation
T4343,a3a291c2-31eb-4e9b-bf87-d0fe4cbe5bdb,NOT_FOUND,12217372,,remove-recommendation,,no-canonical-recommendation
T4344,252e5c55-8b02-4ef9-ad0b-e2bcdc7100f7,NOT_FOUND,12217373,,remove-recommendation,,no-canonical-recommendation
T4345,3b4e77dc-5a2e-4510-8cb3-49810558bd5f,NOT_FOUND,12217374,,remove-recommendation,,no-canonical-recommendation
T4346,fdc70c6b-faaf-4953-b264-0d1824f2f1ef,REVIEW,12217375,285250436,remove-recommendation,,recommendation-removed
T4418,3dc990fe-8eeb-4552-940a-f04471e895e1,REVIEW,19480811,282839032,replace,282839032,verified-replaced
T4420,d319b530-05c6-484d-931f-d80d42a0777a,REVIEW,19480813,282839036,replace,282839036,verified-replaced
T4439,1c5e73a4-776f-43a5-8c3b-7382ffe7b61b,NOT_FOUND,12417089,,remove-recommendation,,recommendation-removed
T4440,431949db-cce6-4b08-9523-8d7afbc7a16b,NOT_FOUND,12417086,,remove-recommendation,,recommendation-removed
T4441,2a469ca1-fe57-4b6d-b91e-101772bc1242,NOT_FOUND,12417087,,remove-recommendation,,recommendation-removed
T4442,a3beabd1-89cc-43d4-8914-a73a5e25ee83,NOT_FOUND,12417088,,remove-recommendation,,recommendation-removed
T5015,62343897-dbd8-44ab-9cd8-e0f291485b1b,REVIEW,13402414,284434622,replace,284434622,verified-replaced
T5018,b01235cb-42af-4e3d-83e2-86f3d0c9ac65,REVIEW,13402417,284434625,replace,284434625,verified-replaced
T5064,04525a8c-db11-4061-ae23-11c4048b1ace,NOT_FOUND,73941588,,remove-recommendation,,recommendation-removed
T5066,bd052be8-367f-45cf-b939-cd06961fed90,NOT_FOUND,73941594,,remove-recommendation,,recommendation-removed
T5067,ea6a973b-3e74-463f-bd0a-f148ad9a99c9,NOT_FOUND,73941595,,remove-recommendation,,recommendation-removed
T5068,8c8fc74f-eeac-4d3f-9521-6efbaeb1022a,NOT_FOUND,73941590,,remove-recommendation,,recommendation-removed
T5069,8adc5a6f-fa03-474e-8e03-42d726c041b8,NOT_FOUND,73941592,,remove-recommendation,,no-canonical-recommendation
T5181,21cd000b-b8cc-4772-83a0-95bea58889ad,REVIEW,12611548,432513337,replace,432513337,verified-replaced
T5228,8820b1dd-aae7-4cc1-82a8-924b2e702655,REVIEW,64473232,282956952,replace,282956952,verified-replaced
T5264,75b2a25c-0ead-4320-ae31-e609232c3c94,REVIEW,324465637,510442098,replace,510442098,verified-replaced
T5265,16cd708f-9b04-4b7d-97b2-641279707655,REVIEW,324465638,510442099,replace,510442099,verified-replaced
T5266,6ac9f927-5c6e-41fb-9fca-de89b791a687,REVIEW,324465639,510442100,replace,510442100,verified-replaced
T5270,ec65c383-2585-4113-934b-d62ff22d11b0,REVIEW,74079495,282798318,replace,282798318,verified-replaced
T5271,43596201-c328-4e94-810b-8ede10ab534a,REVIEW,74079500,282798323,replace,282798323,verified-replaced
T5272,a770af4a-a6b5-48fb-920c-77b530f0d886,REVIEW,74079503,282798325,replace,282798325,verified-replaced
T5276,71f60e72-67ad-4fd7-a2b1-8966677d2ac9,REVIEW,74079499,282798319,replace,282798319,verified-replaced
T5277,fff711fe-ae8a-4897-aa7a-63bc33febfc3,REVIEW,74079502,282798322,replace,282798322,verified-replaced
T5278,1d05655c-02d4-463c-b3d4-7ea27d6951b4,REVIEW,74079505,282798327,replace,282798327,verified-replaced
T5279,77c982c3-1338-44dd-b808-6d42fde8a293,REVIEW,74079506,282798329,replace,282798329,verified-replaced
T5280,c4992f53-1402-40ad-9067-42984eb49066,REVIEW,74079507,282798330,replace,282798330,verified-replaced
T5281,90e2bb48-536f-4c5f-93a7-e714d00d875c,REVIEW,74079508,282798331,replace,282798331,verified-replaced
T5282,e85d7dea-9f58-45c8-aa7c-95e5e32464fa,REVIEW,74079509,282798332,replace,282798332,verified-replaced
T5283,8b39cf4e-a7e0-4712-a7c9-88ec54bc4971,REVIEW,74079510,282798333,replace,282798333,verified-replaced
T5284,0e66c366-52dd-41e7-89e3-79e21b852282,REVIEW,74079511,282798334,replace,282798334,verified-replaced
